﻿<ArrayOfTemplateFolder xmlns:xsi="http://www.w3.org/2001/XMLSchema-instance" xmlns:xsd="http://www.w3.org/2001/XMLSchema">
    <TemplateFolder>
        <Name>System Templates</Name>
        <Location>%approot%\Templates\</Location>
        <MenuItemText>System Templates</MenuItemText>
        <IsBuiltIn>true</IsBuiltIn>
    </TemplateFolder>
    <TemplateFolder>
        <Name>Custom Templates</Name>
        <Location>%mydoc%\SqlSharper\Templates\</Location>
        <IsBuiltIn>false</IsBuiltIn>
    </TemplateFolder>
</ArrayOfTemplateFolder>